,precision,recall,f1-score,support
0.0,0.7872340425531915,0.9736842105263158,0.8705882352941177,76.0
1.0,0.9629629629629629,0.7222222222222222,0.8253968253968254,72.0
accuracy,0.8513513513513513,0.8513513513513513,0.8513513513513513,0.8513513513513513
macro avg,0.8750985027580772,0.847953216374269,0.8479925303454715,148.0
weighted avg,0.8727237876174045,0.8513513513513513,0.8486032250738134,148.0
