,precision,recall,f1-score,support
0.0,0.9117647058823529,0.8157894736842105,0.8611111111111112,76.0
1.0,0.825,0.9166666666666666,0.868421052631579,72.0
accuracy,0.8648648648648649,0.8648648648648649,0.8648648648648649,0.8648648648648649
macro avg,0.8683823529411765,0.8662280701754386,0.8647660818713451,148.0
weighted avg,0.8695548489666136,0.8648648648648649,0.8646672988778252,148.0
